ISO code,Country,Capital City,Abbreviation,Continent
af,Afghanistan,Kabul,AFG,Asia
al,Albania,Tirana,ALB,Europe
dz,Algeria,Algiers,DZA,Africa
ad,Andorra,Andorra la Vella,AND,Europe
ao,Angola,Luanda,AGO,Africa
ag,Antigua and Barbuda,St. John's,ATG,North America
ar,Argentina,Buenos Aires,ARG,South America
am,Armenia,Yerevan,ARM,Asia
au,Australia,Canberra,AUS,Australasia
at,Austria,Vienna,AUT,Europe
az,Azerbaijan,Baku,AZE,Asia
bs,Bahamas,Nassau,BHS,North America
bh,Bahrain,Manama,BHR,Asia
bd,Bangladesh,Dhaka,BGD,Asia
bb,Barbados,Bridgetown,BRB,North America
by,Belarus,Minsk,BLR,Europe
be,Belgium,Brussels,BEL,Europe
bz,Belize,Belmopan,BLZ,North America
bj,Benin,Porto-Novo,BEN,Africa
bt,Bhutan,Thimphu,BTN,Asia
bo,Bolivia,La Paz,BOL,South America
ba,Bosnia and Herzegovina,Sarajevo,BIH,Europe
bw,Botswana,Gaborone,BWA,Africa
br,Brazil,Brasilia,BRA,South America
bn,Brunei,Bandar Seri Begawan,BRN,Asia
bg,Bulgaria,Sofia,BGR,Europe
bf,Burkina Faso,Ouagadougou,BFA,Africa
bi,Burundi,Gitega,BDI,Africa
cv,Cabo Verde,Praia,CPV,Africa
kh,Cambodia,Phnom Penh,KHM,Asia
cm,Cameroon,Yaoundé,CMR,Africa
ca,Canada,Ottawa,CAN,North America
cf,Central African Republic,Bangui,CAF,Africa
td,Chad,N'Djamena,TCD,Africa
cl,Chile,Santiago,CHL,South America
cn,China,Beijing,CHN,Asia
co,Colombia,Bogota,COL,South America
km,Comoros,Moroni,COM,Africa
cg,Congo,Brazzaville,COG,Africa
cr,Costa Rica,San José,CRI,North America
ci,Côte d'Ivoire,Yamoussoukro,CIV,Africa
hr,Croatia,Zagreb,HRV,Europe
cu,Cuba,Havana,CUB,North America
cy,Cyprus,Nicosia,CYP,Asia
cz,Czech Republic,Prague,CZE,Europe
dk,Denmark,Copenhagen,DNK,Europe
dj,Djibouti,Djibouti,DJI,Africa
dm,Dominica,Roseau,DMA,North America
do,Dominican Republic,Santo Domingo,DOM,North America
cd,DR Congo,Kinshasa,COD,Africa
ec,Ecuador,Quito,ECU,South America
eg,Egypt,Cairo,EGY,Africa
sv,El Salvador,San Salvador,SLV,North America
gq,Equatorial Guinea,Malabo,GNQ,Africa
er,Eritrea,Asmara,ERI,Africa
ee,Estonia,Tallinn,EST,Europe
sz,Eswatini,Mbabane,SWZ,Africa
et,Ethiopia,Addis Ababa,ETH,Africa
fj,Fiji,Suva,FJI,Australasia
fi,Finland,Helsinki,FIN,Europe
fr,France,Paris,FRA,Europe
ga,Gabon,Libreville,GAB,Africa
gm,Gambia,Banjul,GMB,Africa
ge,Georgia,Tbilisi,GEO,Asia
de,Germany,Berlin,DEU,Europe
gh,Ghana,Accra,GHA,Africa
gr,Greece,Athens,GRC,Europe
gd,Grenada,St. George's,GRD,North America
gt,Guatemala,Guatemala City,GTM,North America
gn,Guinea,Conakry,GIN,Africa
gw,Guinea-Bissau,Bissau,GNB,Africa
gy,Guyana,Georgetown,GUY,South America
ht,Haiti,Port-au-Prince,HTI,North America
va,Holy See,Vatican City,VAT,Europe
hn,Honduras,Tegucigalpa,HND,North America
hu,Hungary,Budapest,HUN,Europe
is,Iceland,Reykjavik,ISL,Europe
in,India,New Delhi,IND,Asia
id,Indonesia,Jakarta,IDN,Asia
ir,Iran,Tehran,IRN,Asia
iq,Iraq,Baghdad,IRQ,Asia
ie,Ireland,Dublin,IRL,Europe
il,Israel,Jerusalem,ISR,Asia
it,Italy,Rome,ITA,Europe
jm,Jamaica,Kingston,JAM,North America
jp,Japan,Tokyo,JPN,Asia
jo,Jordan,Amman,JOR,Asia
kz,Kazakhstan,Nur-Sultan,KAZ,Asia
ke,Kenya,Nairobi,KEN,Africa
ki,Kiribati,South Tarawa,KIR,Australasia
kw,Kuwait,Kuwait City,KWT,Asia
kg,Kyrgyzstan,Bishkek,KGZ,Asia
la,Laos,Vientiane,LAO,Asia
lv,Latvia,Riga,LVA,Europe
lb,Lebanon,Beirut,LBN,Asia
ls,Lesotho,Maseru,LSO,Africa
lr,Liberia,Monrovia,LBR,Africa
ly,Libya,Tripoli,LBY,Africa
li,Liechtenstein,Vaduz,LIE,Europe
lt,Lithuania,Vilnius,LTU,Europe
lu,Luxembourg,Luxembourg City,LUX,Europe
mg,Madagascar,Antananarivo,MDG,Africa
mw,Malawi,Lilongwe,MWI,Africa
my,Malaysia,Kuala Lumpur,MYS,Asia
mv,Maldives,Male,MDV,Asia
ml,Mali,Bamako,MLI,Africa
mt,Malta,Valletta,MLT,Europe
mh,Marshall Islands,Majuro,MHL,Australasia
mr,Mauritania,Nouakchott,MRT,Africa
mu,Mauritius,Port Louis,MUS,Africa
mx,Mexico,Mexico City,MEX,North America
fm,Micronesia,Palikir,FSM,Australasia
md,Moldova,Chisinau,MDA,Europe
mc,Monaco,Monaco,MCO,Europe
mn,Mongolia,Ulaanbaatar,MNG,Asia
me,Montenegro,Podgorica,MNE,Europe
ma,Morocco,Rabat,MAR,Africa
mz,Mozambique,Maputo,MOZ,Africa
mm,Myanmar,Naypyidaw,MMR,Asia
na,Namibia,Windhoek,NAM,Africa
nr,Nauru,Yaren District,NRU,Australasia
np,Nepal,Kathmandu,NPL,Asia
nl,Netherlands,Amsterdam,NLD,Europe
nz,New Zealand,Wellington,NZL,Australasia
ni,Nicaragua,Managua,NIC,North America
ne,Niger,Niamey,NER,Africa
ng,Nigeria,Abuja,NGA,Africa
kp,North Korea,Pyongyang,PRK,Asia
mk,North Macedonia,Skopje,MKD,Europe
no,Norway,Oslo,NOR,Europe
om,Oman,Muscat,OMN,Asia
pk,Pakistan,Islamabad,PAK,Asia
pw,Palau,Ngerulmud,PLW,Australasia
pa,Panama,Panama City,PAN,North America
pg,Papua New Guinea,Port Moresby,PNG,Australasia
py,Paraguay,Asunción,PRY,South America
pe,Peru,Lima,PER,South America
ph,Philippines,Manila,PHL,Asia
pl,Poland,Warsaw,POL,Europe
pt,Portugal,Lisbon,PRT,Europe
qa,Qatar,Doha,QAT,Asia
ro,Romania,Bucharest,ROM,Europe
ru,Russia,Moscow,RUS,Europe
rw,Rwanda,Kigali,RWA,Africa
kn,Saint Kitts & Nevis,Basseterre,KNA,North America
lc,Saint Lucia,Castries,LCA,North America
ws,Samoa,Apia,WSM,Australasia
sm,San Marino,San Marino,SMR,Europe
st,Sao Tome & Principe,São Tomé,STP,Africa
sa,Saudi Arabia,Riyadh,SAU,Asia
sn,Senegal,Dakar,SEN,Africa
rs,Serbia,Belgrade,SRB,Europe
sc,Seychelles,Victoria,SYC,Africa
sl,Sierra Leone,Freetown,SLE,Africa
sg,Singapore,Singapore,SGP,Asia
sk,Slovakia,Bratislava,SVK,Europe
si,Slovenia,Ljubljana,SVN,Europe
sb,Solomon Islands,Honiara,SLB,Australasia
so,Somalia,Mogadishu,SOM,Africa
za,South Africa,Cape Town,ZAF,Africa
kr,South Korea,Seoul,KOR,Asia
ss,South Sudan,Juba,SSD,Africa
es,Spain,Madrid,ESP,Europe
lk,Sri Lanka,Sri Jayawardenepura Kotte,LKA,Asia
vc,St. Vincent & Grenadines,Kingstown,VCT,North America
ps,Palestine,Ramallah,PSE,Asia
sd,Sudan,Khartoum,SDN,Africa
sr,Suriname,Paramaribo,SUR,South America
se,Sweden,Stockholm,SWE,Europe
ch,Switzerland,Bern,CHE,Europe
sy,Syria,Damascus,SYR,Asia
tj,Tajikistan,Dushanbe,TJK,Asia
tz,Tanzania,Dodoma,TZA,Africa
th,Thailand,Bangkok,THA,Asia
tl,Timor-Leste,Dili,TLS,Asia
tg,Togo,Lome,TGO,Africa
to,Tonga,Nuku'alofa,TON,Australasia
tt,Trinidad and Tobago,Port of Spain,TTO,North America
tn,Tunisia,Tunis,TUN,Africa
tr,Turkey,Ankara,TUR,Asia
tm,Turkmenistan,Ashgabat,TKM,Asia
tv,Tuvalu,Funafuti,TUV,Australasia
ug,Uganda,Kampala,UGA,Africa
ua,Ukraine,Kyiv,UKR,Europe
ae,United Arab Emirates,Abu Dhabi,ARE,Asia
gb,United Kingdom,London,GBR,Europe
us,United States,Washington DC,USA,North America
uy,Uruguay,Montevideo,URY,South America
uz,Uzbekistan,Tashkent,UZB,Asia
vu,Vanuatu,Port Vila,VUT,Australasia
ve,Venezuela,Caracas,VEN,South America
vn,Vietnam,Hanoi,VNM,Asia
ye,Yemen,Sana'a,YEM,Asia
zm,Zambia,Lusaka,ZMB,Africa
zw,Zimbabwe,Harare,ZWE,Africa